App,Category,Rating,Reviews,Size,Installs,,,,
Photo Editor & Candy Camera & Grid & ScrapBook,ART_AND_DESIGN,4.1,159,19M,100000.00,,,,
Coloring book moana,ART_AND_DESIGN,3.9,967,14M,5000000.00,,,,
"U Launcher Lite – FREE Live Cool Themes, Hide Apps",ART_AND_DESIGN,4.7,87510,8.7M,50000000.00,,,,
Sketch - Draw & Paint,ART_AND_DESIGN,4.5,215644,25M,500000000.00,,,,
Pixel Draw - Number Art Coloring Book,ART_AND_DESIGN,4.3,967,2.8M,1000000.00,,,,
Paper flowers instructions,ART_AND_DESIGN,4.4,167,5.6M,500000.00,,,,
Smoke Effect Photo Maker - Smoke Editor,ART_AND_DESIGN,3.8,178,19M,500000.00,,,,
Infinite Painter,ART_AND_DESIGN,4.1,36815,29M,10000000.00,,,,
Garden Coloring Book,ART_AND_DESIGN,4.4,13791,33M,10000000.00,,,,
Kids Paint Free - Drawing Fun,ART_AND_DESIGN,4.7,121,3.1M,100000.00,,,,
Text on Photo - Fonteee,ART_AND_DESIGN,4.4,13880,28M,10000000.00,,,,
Name Art Photo Editor - Focus n Filters,ART_AND_DESIGN,4.4,8788,12M,10000000.00,,,,
Tattoo Name On My Photo Editor,ART_AND_DESIGN,4.2,44829,20M,100000000.00,,,,
Mandala Coloring Book,ART_AND_DESIGN,4.6,4326,21M,1000000.00,,,,
3D Color Pixel by Number - Sandbox Art Coloring,ART_AND_DESIGN,4.4,1518,37M,1000000.00,,,,
Learn To Draw Kawaii Characters,ART_AND_DESIGN,3.2,55,2.7M,50000.00,,,,
Photo Designer - Write your name with shapes,ART_AND_DESIGN,4.7,3632,5.5M,5000000.00,,,,
350 Diy Room Decor Ideas,ART_AND_DESIGN,4.5,27,17M,100000.00,,,,
FlipaClip - Cartoon animation,ART_AND_DESIGN,4.3,194216,39M,50000000.00,,,,
ibis Paint X,ART_AND_DESIGN,4.6,224399,31M,100000000.00,,,,
Logo Maker - Small Business,ART_AND_DESIGN,4,450,14M,1000000.00,,,,
Boys Photo Editor - Six Pack & Men's Suit,ART_AND_DESIGN,4.1,654,12M,1000000.00,,,,
Superheroes Wallpapers | 4K Backgrounds,ART_AND_DESIGN,4.7,7699,4.2M,5000000.00,,,,
HD Mickey Minnie Wallpapers,ART_AND_DESIGN,4.7,118,23M,500000.00,,,,
Harley Quinn wallpapers HD,ART_AND_DESIGN,4.8,192,6.0M,100000.00,,,,
Colorfit - Drawing & Coloring,ART_AND_DESIGN,4.7,20260,25M,5000000.00,,,,
Animated Photo Editor,ART_AND_DESIGN,4.1,203,6.1M,1000000.00,,,,
Pencil Sketch Drawing,ART_AND_DESIGN,3.9,136,4.6M,100000.00,,,,
Easy Realistic Drawing Tutorial,ART_AND_DESIGN,4.1,223,4.2M,1000000.00,,,,
Pink Silver Bow Keyboard Theme,ART_AND_DESIGN,4.2,1120,9.2M,1000000.00,,,,
Art Drawing Ideas,ART_AND_DESIGN,4.1,227,5.2M,500000.00,,,,
Anime Manga Coloring Book,ART_AND_DESIGN,4.5,5035,11M,1000000.00,,,,
Easy Origami Ideas,ART_AND_DESIGN,4.2,1015,11M,1000000.00,,,,
I Creative Idea,ART_AND_DESIGN,4.7,353,4.2M,100000.00,,,,
How to draw Ladybug and Cat Noir,ART_AND_DESIGN,3.8,564,9.2M,1000000.00,,,,
UNICORN - Color By Number & Pixel Art Coloring,ART_AND_DESIGN,4.7,8145,24M,5000000.00,,,,
Floor Plan Creator,ART_AND_DESIGN,4.1,36639,Varies with device,50000000.00,,,,
PIP Camera - PIP Collage Maker,ART_AND_DESIGN,4.7,158,11M,100000.00,,,,
How To Color Disney Princess - Coloring Pages,ART_AND_DESIGN,4,591,9.4M,5000000.00,,,,
Drawing Clothes Fashion Ideas,ART_AND_DESIGN,4.2,117,15M,100000.00,,,,
Sad Poetry Photo Frames 2018,ART_AND_DESIGN,4.5,176,10M,1000000.00,,,,
Textgram - write on photos,ART_AND_DESIGN,4.4,295221,Varies with device,100000000.00,,,,
Paint Splash!,ART_AND_DESIGN,3.8,2206,1.2M,1000000.00,,,,
Popsicle Sticks and Similar DIY Craft Ideas,ART_AND_DESIGN,4.2,26,12M,100000.00,,,,
"Canva: Poster, banner, card maker & graphic design",ART_AND_DESIGN,4.7,174531,24M,100000000.00,,,,
Install images with music to make video without Net - 2018,ART_AND_DESIGN,4.6,1070,26M,1000000.00,,,,
Little Teddy Bear Colouring Book Game,ART_AND_DESIGN,4.2,85,8.0M,1000000.00,,,,
How To Draw Food,ART_AND_DESIGN,4.3,845,7.9M,1000000.00,,,,
Monster Truck Stunt 3D 2019,AUTO_AND_VEHICLES,4.2,367,25M,1000000.00,,,,
Real Tractor Farming,AUTO_AND_VEHICLES,4,1598,56M,10000000.00,,,,
Ultimate F1 Racing Championship,AUTO_AND_VEHICLES,3.8,284,57M,1000000.00,,,,
Used Cars and Trucks for Sale,AUTO_AND_VEHICLES,4.6,17057,Varies with device,10000000.00,,,,
American Muscle Car Race,AUTO_AND_VEHICLES,3.9,129,35M,1000000.00,,,,
Offroad Oil Tanker Driver Transport Truck 2019,AUTO_AND_VEHICLES,4.3,542,33M,1000000.00,,,,
Tickets SDA 2018 and Exam from the State Traffic Safety Inspectorate with Drom.ru,AUTO_AND_VEHICLES,4.9,10479,33M,1000000.00,,,,
Gas Prices (Germany only),AUTO_AND_VEHICLES,4.4,805,5.6M,500000.00,,,,
Extreme Rally Championship,AUTO_AND_VEHICLES,4.2,129,54M,1000000.00,,,,
Restart Navigator,AUTO_AND_VEHICLES,4,1403,201k,1000000.00,,,,
"REG - Check the regnumber, find information about Swedish vehicles",AUTO_AND_VEHICLES,3.9,3971,3.6M,1000000.00,,,,
CityBus Lviv,AUTO_AND_VEHICLES,4.6,534,5.7M,100000.00,,,,
CDL Practice Test 2018 Edition,AUTO_AND_VEHICLES,4.9,7774,17M,1000000.00,,,,
"ezETC (ETC balance inquiry, meter trial, real-time traffic)",AUTO_AND_VEHICLES,4.3,38846,8.6M,10000000.00,,,,
Free VIN Report for Used Cars,AUTO_AND_VEHICLES,4.6,2431,2.4M,1000000.00,,,,
DMV Permit Practice Test 2018 Edition,AUTO_AND_VEHICLES,4.9,6090,27M,1000000.00,,,,
Check Vehicle Tax,AUTO_AND_VEHICLES,3.9,295,2.7M,100000.00,,,,
Used Cars Mexico,AUTO_AND_VEHICLES,4,190,2.5M,500000.00,,,,
Ulysse Speedometer,AUTO_AND_VEHICLES,4.3,40211,Varies with device,50000000.00,,,,
REPUVE,AUTO_AND_VEHICLES,3.9,356,Varies with device,1000000.00,,,,
Used cars for sale - Trovit,AUTO_AND_VEHICLES,4.2,52530,7.0M,50000000.00,,,,
"Fines of the State Traffic Safety Inspectorate are official: inspection, payment of fines",AUTO_AND_VEHICLES,4.8,116986,35M,50000000.00,,,,
SK Enca Direct Malls - Used Cars Search,AUTO_AND_VEHICLES,3.6,1379,16M,5000000.00,,,,
"Android Auto - Maps, Media, Messaging & Voice",AUTO_AND_VEHICLES,4.2,271920,16M,100000000.00,,,,
PDD-UA,AUTO_AND_VEHICLES,4.8,736,Varies with device,1000000.00,,,,
Tickets SDA 2019 + Exam RF,AUTO_AND_VEHICLES,4.8,7021,17M,5000000.00,,,,
Super Cars Wallpapers And Backgrounds,AUTO_AND_VEHICLES,4.6,197,3.4M,500000.00,,,,
"Police Lights, Sirens & Follow Me",AUTO_AND_VEHICLES,4.5,737,8.9M,1000000.00,,,,
Police Detector (Speed Camera Radar),AUTO_AND_VEHICLES,4.3,3574,3.9M,10000000.00,,,,
Best Car Wallpapers,AUTO_AND_VEHICLES,4.5,994,2.9M,1000000.00,,,,
Tickets + PDA 2018 Exam,AUTO_AND_VEHICLES,4.9,197136,38M,10000000.00,,,,
Pick Your Part Garage,AUTO_AND_VEHICLES,3.9,142,32M,500000.00,,,,
PakWheels: Buy & Sell Cars,AUTO_AND_VEHICLES,4.4,15168,37M,10000000.00,,,,
Supervision service,AUTO_AND_VEHICLES,4,2155,15M,5000000.00,,,,
Speed Camera Detector - Traffic & Speed Alert,AUTO_AND_VEHICLES,4.3,138,5.4M,1000000.00,,,,
Used car search Goo net whole car Go to net,AUTO_AND_VEHICLES,3.7,5414,18M,10000000.00,,,,
CarMax – Cars for Sale: Search Used Car Inventory,AUTO_AND_VEHICLES,4.4,21777,Varies with device,10000000.00,,,,
BEST CAR SOUNDS,AUTO_AND_VEHICLES,4.3,348,38M,1000000.00,,,,
RST - Sale of cars on the PCT,AUTO_AND_VEHICLES,3.2,250,1.1M,1000000.00,,,,
AutoScout24 Switzerland – Find your new car,AUTO_AND_VEHICLES,4.6,13372,Varies with device,10000000.00,,,,
Zona Azul Digital Fácil SP CET - OFFICIAL São Paulo,AUTO_AND_VEHICLES,4.6,7880,Varies with device,1000000.00,,,,
SMS Park,AUTO_AND_VEHICLES,4.5,3617,7.9M,1000000.00,,,,
SKencar,AUTO_AND_VEHICLES,3.7,4806,35M,10000000.00,,,,
Fuelio: Gas log & costs,AUTO_AND_VEHICLES,4.6,65786,Varies with device,10000000.00,,,,
auto fines,AUTO_AND_VEHICLES,4.6,31433,17M,10000000.00,,,,
"Used car is the first car - used car purchase, used car quotation, dealer information to",AUTO_AND_VEHICLES,4.6,5097,19M,10000000.00,,,,
All of the parking lot - National Park application (parking lot search / parking sharing / discount payment),AUTO_AND_VEHICLES,4,1754,14M,5000000.00,,,,
Inquiry Fines and Debits of Vehicles,AUTO_AND_VEHICLES,4.4,2680,2.2M,5000000.00,,,,
Gas Station,AUTO_AND_VEHICLES,4,1288,4.5M,1000000.00,,,,
Hush - Beauty for Everyone,BEAUTY,4.7,18900,17M,5000000.00,,,,
"ipsy: Makeup, Beauty, and Tips",BEAUTY,4.9,49790,14M,10000000.00,,,,
Natural recipes for your beauty,BEAUTY,4.7,1150,9.8M,1000000.00,,,,
"BestCam Selfie-selfie, beauty camera, photo editor",BEAUTY,3.9,1739,21M,5000000.00,,,,
Mirror - Zoom & Exposure -,BEAUTY,3.9,32090,Varies with device,10000000.00,,,,
Beauty Selfie Camera,BEAUTY,4.2,2225,52M,5000000.00,,,,
Hairstyles step by step,BEAUTY,4.6,4369,14M,1000000.00,,,,
Filters for Selfie,BEAUTY,4.3,8572,25M,10000000.00,,,,
Tie - Always be happy,BEAUTY,4.7,964,9.0M,500000.00,,,,
Ulta Beauty,BEAUTY,4.7,42050,Varies with device,10000000.00,,,,
Prom MakeUp Tutorial,BEAUTY,4.8,104,12M,100000.00,,,,
Selfie Camera,BEAUTY,4.2,17934,Varies with device,10000000.00,,,,
Sweet Selfie Beauty Camera,BEAUTY,4.3,601,35M,1000000.00,,,,
Colors of white in Urdu,BEAUTY,4.5,36,6.7M,100000.00,,,,
Selfie Camera Photo Editor & Filter & Sticker,BEAUTY,4.1,187,30M,500000.00,,,,
Eyes Makeup Beauty Tips,BEAUTY,4.2,30,2.9M,100000.00,,,,
Photo Editor 2018,BEAUTY,4.5,134,17M,100000.00,,,,
Step By Step Eyes Makeup Tutorial,BEAUTY,4.4,74,2.9M,100000.00,,,,
Beauty Camera - Selfie Camera,BEAUTY,4,113715,Varies with device,100000000.00,,,,
Girls Hairstyles,BEAUTY,4.1,3595,Varies with device,5000000.00,,,,
Mirror Camera (Mirror + Selfie Camera),BEAUTY,4.1,9315,2.6M,10000000.00,,,,
Beauty Tips - Beauty Tips in Sinhala,BEAUTY,4.4,75,4.2M,500000.00,,,,
Haircut Tutorials/Haircut Videos,BEAUTY,4.6,38,7.1M,100000.00,,,,
"Sephora: Skin Care, Beauty Makeup & Fragrance Shop",BEAUTY,4.5,26834,57M,10000000.00,,,,
"Sticker Camera - Selfie Filters, Beauty Camera",BEAUTY,3.9,2277,22M,5000000.00,,,,
Filters for B Live,BEAUTY,4.4,2280,24M,5000000.00,,,,
Facial Wrinkle Reduction,BEAUTY,4.6,184,21M,100000.00,,,,
Makeup Videos,BEAUTY,3.8,9,3.4M,50000.00,,,,
Discover Color,BEAUTY,4,364,6.4M,1000000.00,,,,
Eyeliner step by step 2018,BEAUTY,4.3,18,3.2M,50000.00,,,,
Dresses Ideas & Fashions +3000,BEAUTY,4.5,473,8.2M,1000000.00,,,,
Step By Step Hairstyles For Women,BEAUTY,4.1,66,2.9M,100000.00,,,,
Rainbow Camera,BEAUTY,3.7,3871,23M,10000000.00,,,,
Methods of teeth whitening,BEAUTY,4.7,257,4.6M,500000.00,,,,
Girls hairstyles 2018,BEAUTY,4.2,62,3.1M,100000.00,,,,